C_CH2_lens,hop_angle,hop_times
1.5762439,15.618215514597047,10.9
1.5147629,13.152944792921009,7.0
1.579604,7.392324052356262,7.5
1.7888159,18.51048119139457,25.900000000000002
1.5405142,15.176769168575294,10.8
1.6417638,16.732960352278056,25.6
1.5531864,6.641411700426351,7.5
1.5370687,13.408896704507633,9.3
1.5876999,15.809572772468368,29.8
1.5303596,10.737953434090256,8.9
1.6556093,30.02357564902953,8.0
1.5710688,12.173614991009686,8.3
1.5431619,1.720884867997212,9.700000000000001
1.622085,8.800807653743098,12.700000000000001
1.5247991,17.946963574541478,10.9
1.5434638,65.15276459747466,35.7
1.6109114,38.722024322060726,24.6
1.5488427,86.50850882146585,50.2
1.5171348,19.25840103311812,7.4
1.5659847,19.665275405441093,6.300000000000001
1.5397174,6.432878990547742,7.4
1.3972353,46.914776781299786,42.7
1.5128616,18.302680434963534,9.3
1.6265875,9.567327548072136,8.0
1.5800998,20.44537942504049,8.1
1.5771836,20.32315565475999,8.0
1.5120317,25.054067545272048,14.700000000000001
1.5067068,53.886203743409894,29.200000000000003
1.5447536,22.326876052213475,6.0
1.5303818,23.22831367288041,10.0
1.5497886,19.70813007559141,17.7
1.55478,12.105890367124516,9.9
1.5759294,19.68025801157375,6.800000000000001
1.6340853,28.541828992697177,27.0
1.5737698,13.986633542602792,33.300000000000004
1.7285254,16.140557164692424,25.1
1.6262335,17.984034590031317,46.5
1.5557281,12.020439184740916,14.9
1.5515615,12.634886001872246,6.4
1.416978,47.908335475666014,44.1
1.6118714,22.58380418365355,7.7
1.6305442,21.251537585253587,25.8
1.5121429,10.583286485876211,6.6000000000000005
1.5788158,26.17859728706044,17.5
1.5543406,11.354763021166818,8.0
1.5508586,53.294281328106294,28.400000000000002
1.5618806,22.334665656400468,15.600000000000001
1.5831519,16.006308920046422,6.7
1.6632746,32.79174121665807,29.1
1.6957717,13.09959754238575,26.1
1.5876106,5.254450545957161,6.4
1.5771269,12.051845967406202,10.700000000000001
1.4982338,20.740252349472676,13.3
1.6090226,19.9593556622511,11.8
1.6747675,9.958119969877647,26.400000000000002
1.5768405,9.119275064211008,7.6000000000000005
1.5613279,40.04059122465477,13.700000000000001
1.5065328,28.00932644347374,5.300000000000001
1.3972708,63.59145531105023,48.2
1.5746113,9.337207120876991,7.6000000000000005
1.6275576,14.57942815620893,8.8
1.5725206,23.58126795435725,6.9
1.5579704,13.28406037126546,9.600000000000001
1.4704881,16.963514473514742,16.0
1.5824128,6.989582112146965,7.800000000000001
1.6873324,30.974387517298112,24.900000000000002
1.5584424,4.515668047552138,9.1
1.6285124,14.02527731621293,9.700000000000001
1.4885828,10.84647187994112,10.8
1.5431699,11.810656569746051,5.4
1.557936,14.576561071328607,9.4
1.4763026,3.4204180156415,8.1
1.5643616,23.557623044136655,8.5
1.7196115,29.01946831766576,27.5
1.5897125,7.270971812154613,7.9
1.5844836,6.599627453538281,8.8
1.5648587,17.860570117987173,7.800000000000001
1.5413452,22.15756805220961,8.9
1.5824578,15.142627302321955,9.600000000000001
1.5832578,9.371451296399357,14.0
1.5086592,6.163643031608631,9.1
1.5303197,12.900473583833092,14.100000000000001
1.6411046,24.449770314946,35.300000000000004
1.4819114,8.02594573672185,9.1
1.6801751,23.14771992345511,28.0
1.4575989,41.58283807892875,51.1
1.544061,12.703872225267071,7.2
1.5626051,14.379619632415027,10.200000000000001
1.5725213,14.194683313054515,9.8
1.686667,11.935146917690385,28.5
1.5629603,9.89759863811124,8.0
1.5741862,8.4049389244788,9.0
1.7630352,15.008220969515234,27.400000000000002
1.5497694,17.113311244395817,8.3
1.5088886,16.80284644382026,11.100000000000001
1.5389642,21.724883238003812,9.0
1.6385314,13.868671957476693,7.7
1.6162431,17.08893237681402,26.6
1.5699059,26.57745435336504,25.200000000000003
1.7214062,33.852011723471406,24.5
1.5774977,18.956509899838032,9.4
1.5604888,20.26966329757308,8.5
1.5019171,7.4371449993562235,8.6
1.541065,17.103467830471384,9.200000000000001
1.4991894,10.786622561134635,8.8
1.5744916,4.808257361339412,23.400000000000002
1.4749417,23.74976832345488,15.9
1.5933607,12.666743412033464,6.7
1.6700019,13.231503696199514,32.1
1.5449282,11.866288639414588,8.5
1.5597734,13.220114492546942,7.7
1.6343287,7.33754801052316,8.1
1.5580732,22.074800988606537,9.200000000000001
1.4723438,25.150129951401016,15.600000000000001
1.5023472,14.288992620644553,8.4
1.4499483,28.312915328188478,17.0
1.6855448,5.852522862510635,8.5
1.6912234,7.701487958057785,27.6
1.5907819,31.975942960354544,27.700000000000003
1.6164521,17.848577134473633,24.3
1.5700818,7.228755164991341,14.0
1.5380298,6.446313977556864,7.800000000000001
1.6293142,13.096626868117728,26.5
1.6024797,21.192352929608106,8.3
1.6839166,15.138932893918948,8.700000000000001
1.678566,28.22285238830017,30.6
1.4946891,16.04506361016031,7.800000000000001
1.5437363,28.594751786601904,8.0
1.4761298,15.218489005359281,7.2
1.571674,6.041743926387468,7.9
1.705652,4.770327944280957,26.5
1.6033558,10.616867824432532,8.0
1.4935386,17.321086708103202,16.0
1.563762,10.655950981010873,8.1
1.7587911,15.21497552396544,29.400000000000002
1.5411592,34.04264287228742,17.3
1.5778592,17.13461599567858,8.3
1.6193575,63.97127962988078,32.1
1.611085,13.321269504277105,9.700000000000001
1.5447102,10.866878010157002,12.700000000000001
1.5475234,16.654738431446034,7.800000000000001
1.610851,12.572591834717546,6.9
1.6711671,9.187467725489606,14.100000000000001
1.5047877,10.084606257931597,5.7
1.6254362,9.874079327785006,15.5
1.5271575,20.857579109270795,7.7
1.5372803,2.6338565266947236,6.4
1.4886415,11.958614784103098,5.300000000000001
1.5321926,10.045121994671216,7.7
1.5682516,16.517763893524346,14.700000000000001
1.5645245,13.455904058883156,8.0
1.6048383,29.742974303102,28.6
1.5129173,18.830092055712605,12.8
1.561677,10.339279890522747,15.4
1.5824233,9.724649342635207,6.300000000000001
1.6776901,21.596315968319132,33.4
1.5145131,23.171014107223883,15.700000000000001
1.4832053,26.56052016677194,7.0
1.5002018,24.376138315867056,17.3
1.5546124,4.980659407953997,8.200000000000001
1.5126935,16.952894237980562,15.0
1.5783612,12.661659184659015,8.3
1.5388961,15.829966651498973,13.4
1.6015388,14.174718476475938,7.9
1.539917,17.929227114363776,7.9
1.5849282,18.48285652696171,9.8
1.4942466,34.01743541489856,8.3
1.6144001,9.218534520201732,9.4
1.4958837,1.8764867026706775,8.9
1.5077564,11.335842233296663,8.9
1.5288566,15.159099543623789,9.3
1.4975716,10.171342511333503,9.8
1.534848,48.0858359272535,23.400000000000002
1.5441189,20.554299573568084,14.100000000000001
1.5376927,25.426123149892728,14.0
1.5680383,28.803578322261366,9.200000000000001
1.4305208,46.026238013852605,45.900000000000006
1.5712672,11.097990024372447,9.5
1.5911672,3.3273304942450825,7.2
1.5196096,21.60218258480225,8.200000000000001
1.4725063,31.588830362139632,7.1000000000000005
1.5835246,27.863151985944107,7.4
1.6081047,23.171208644742222,9.200000000000001
1.461174,11.005321325128094,7.4
1.5326841,10.611656553706169,7.800000000000001
1.5749913,20.32768413502392,12.3
1.615658,3.0576127882904727,11.4
1.5660666,29.383414382937215,7.9
1.6003731,16.614151545014302,8.9
1.5987278,23.547604513147355,8.4
1.5848637,34.083953248769355,35.2
1.5453361,8.826526796977284,8.6
1.5730094,13.921827648066508,5.5
1.7556231,27.121862460357235,26.3
1.5116205,17.325401353537742,14.3
1.6886827,30.14703189496501,27.6
1.5313491,18.77483838514381,7.6000000000000005
1.6769955,29.687474847116988,27.200000000000003
1.4420679,46.84544412721381,49.300000000000004
1.5237807,8.551802833710985,8.200000000000001
1.5360621,10.566163042092896,9.3
1.5725746,25.09769215827794,10.100000000000001
1.5533843,16.83671677105042,8.6
1.5868038,12.686278481978178,10.600000000000001
1.5634801,17.566175165881965,8.6
1.5231438,8.544202585079153,12.200000000000001
1.6021459,11.896400154554575,7.1000000000000005
1.5893054,11.700851586844518,13.4
1.6040146,7.800606309865411,12.600000000000001
1.7048695,46.936102208055914,34.0
1.7399937,31.930422528483778,24.700000000000003
1.6444803,8.774278516507579,27.8
1.541121,49.58105995106051,35.2
1.5635008,29.363946099080486,25.1
1.4267703,72.48927338094788,43.900000000000006
1.7134069,31.39319023517104,29.400000000000002
1.4887066,24.6394697297239,7.4
1.5763962,19.893324171859415,8.1
1.595514,7.924796866202092,9.8
1.5434978,2.242596753251009,9.0
1.5075121,25.96099824070449,16.900000000000002
1.6147429,8.35866428898629,7.800000000000001
1.7550616,22.50077933258698,30.0
1.5170877,14.245690206670037,9.8
1.5544904,13.87377526589052,28.0
1.607341,15.215447111749445,7.0
1.6315371,37.354218775697134,14.9
1.5027579,26.05160507319289,7.800000000000001
1.4760348,12.151097316855918,7.5
1.6117041,14.299123975121294,10.3
1.5423107,22.139211365936987,13.5
1.6116658,9.854595812408245,7.300000000000001
1.6543343,10.44532165020183,32.800000000000004
1.5910102,13.463229693104662,25.1
1.4934928,15.475286330212764,48.1
1.5874565,3.4575186251138237,7.0
1.478265,11.05309085682256,7.2
1.5707443,3.6947445690933485,9.0
1.4989251,11.341562877813931,16.1
1.5998448,6.87670366823437,10.200000000000001
1.4274888,51.56835117666399,51.2
1.7362885,25.446836373463462,26.900000000000002
1.5029571,2.601407397929913,14.0
1.5490539,0.7608924708876486,7.2
1.7139099,9.875092143117465,33.300000000000004
1.611582,3.5775569290646523,7.9
1.5485827,23.335645858961698,15.100000000000001
1.4783452,14.913552856924534,8.3
1.6250955,37.9097559897494,28.0
1.6354519,17.300471976526524,15.100000000000001
1.626337,21.56395069404992,28.700000000000003
1.649464,6.054348206934398,7.300000000000001
1.6089295,22.451403215774477,28.200000000000003
1.6814103,20.576008490144815,32.9
1.569364,21.420628126045855,7.9
1.5784068,17.572722169406806,13.3
1.558704,14.883522911533905,8.1
1.6589944,11.760691430770336,27.6
1.6355933,18.014279840932556,29.0
1.4954759,10.813465423522494,13.100000000000001
1.667488,3.6155559039395513,13.0
1.5660427,6.968415729585816,7.4
1.5488147,7.492570549004384,7.4
1.6629348,7.704108535837244,6.2
1.5820739,40.04736240810898,28.700000000000003
1.5483639,10.161589882930096,8.1
1.5620787,18.709656200030537,9.1
1.575729,28.160370784342113,5.300000000000001
1.5053207,19.77625099985833,15.9
1.6093253,16.3647830468879,7.300000000000001
1.5515836,4.552315361182913,9.200000000000001
1.7005632,21.108836548215425,10.700000000000001
1.5470619,5.0776461530271675,7.800000000000001
1.5227047,21.523100090617834,7.2
1.5912815,22.783924935773715,15.600000000000001
1.6257943,12.560302609550556,7.5
1.5812099,23.131778546961637,15.9
1.6362274,20.21707688801816,35.0
1.6707795,20.47958297832372,30.400000000000002
1.5033325,13.919745606950958,11.5
1.5125194,3.352426338389919,12.700000000000001
1.5195737,7.896159570632871,12.600000000000001
1.6092479,22.215984758671134,16.6
1.6600935,15.608283321303944,7.7
1.4813875,18.986471183552908,12.4
1.5560923,24.80005266698325,12.5
1.5465289,19.564577102827975,6.800000000000001
1.4993538,5.3801328162667765,11.700000000000001
1.69788,5.7651922672383105,9.4
1.5813123,15.666495523533241,8.0
1.6386554,10.067763781881052,7.4
1.5687943,4.524575634142643,9.5
1.6281227,2.731444333963372,8.700000000000001
1.5814018,17.818992753263306,7.2
1.5408127,20.437848452794942,12.3
1.548322,7.652072021852817,8.6
1.5347353,28.654258149930783,25.3
1.5715038,7.622684437824586,7.800000000000001
1.538053,18.024992603538884,13.600000000000001
1.5254675,14.39268711045339,7.4
1.4832962,14.062017655680425,12.0
1.6372682,5.9722476258727974,8.3
1.5325284,8.977496010652427,10.3
1.5370808,8.940539478055765,7.5
1.5226518,10.46139681807573,12.0
1.5740725,16.32837625309616,7.4
1.6114173,27.626888962658455,32.2
1.5413961,21.378755641994918,23.900000000000002
1.5742404,28.464747503989237,33.4
1.4737557,26.183808159643796,7.0
1.5293413,3.7353383460611287,8.3
1.6842453,7.039257428616761,26.5
1.5354472,17.82082452190901,7.4
1.399854,29.498505679356235,51.300000000000004
1.4013811,19.818035134689282,13.0
1.569636,19.022919290418518,7.4
1.5505841,3.25793206977798,10.700000000000001
1.6156236,9.548196161321533,8.700000000000001
1.5433398,18.350651662869566,6.2
1.5274931,2.5957448428116416,10.700000000000001
1.5548009,84.87924338977453,36.7
1.6217605,48.28473143154272,24.1
1.4318199,96.79029197026667,43.300000000000004
1.5439378,4.217387031646936,6.5
1.4372548,45.88015787230638,43.2
1.5414822,23.461737286259627,14.3
1.6564493,12.867915211050562,33.2
1.546935,14.275074458636983,7.6000000000000005
1.6095527,16.83863521180229,27.5
1.6190265,12.215928593899612,35.6
1.559463,16.36546889574325,14.600000000000001
1.6500605,6.715970944529199,36.300000000000004
1.5245969,14.02302441384591,6.7
1.7227361,28.00536649753108,27.400000000000002
1.567631,25.185158261995646,51.6
1.5155396,7.131579177369711,7.5
1.5438815,3.75726784984671,8.8
1.6243988,8.187932899244414,7.800000000000001
1.5393301,20.707695990929565,9.1
1.4683995,8.969328558909316,9.0
1.4968749,19.974117006901118,8.3
1.6452506,18.390971662742878,29.700000000000003
1.5353117,11.217328875101943,45.5
1.585377,11.964736041125837,8.6
1.55154,12.561828787681804,9.200000000000001
1.568876,13.386146894946096,8.3
1.578123,8.967181411555947,7.0
1.6927272,5.672455159753243,7.2
1.5921464,21.518883825047162,8.8
1.6487061,12.301383275723198,7.6000000000000005
1.5881555,23.569483019200376,14.5
1.5947084,16.302639195879564,6.800000000000001
1.5478106,43.87469018562257,30.400000000000002
1.6860602,23.914540063824198,26.5
1.4816052,19.33341217839525,12.600000000000001
1.6250708,11.33771070869074,10.700000000000001
1.606303,5.735588031679469,8.6
1.5091132,13.404925940865729,11.0
1.6004161,3.232609102766618,11.5
1.5404717,14.842000627755052,10.700000000000001
1.5800745,21.62936425081378,14.0
1.5736275,11.701120107516063,8.4
1.557589,23.539345304258752,15.100000000000001
1.5202887,21.58931597947071,14.5
1.5502486,10.73597076688962,6.0
1.7417895,30.12548611177276,27.900000000000002
1.5405934,9.482182031785849,7.9
1.4737504,24.30297976444082,14.700000000000001
1.6015588,14.907654223293651,7.800000000000001
1.4097024,57.53811218520012,46.900000000000006
1.5565443,6.513919162666828,8.1
1.5558306,4.873511057006202,7.9
1.547515,9.911925793757636,11.5
1.5581982,15.528837593430486,14.4
1.6871288,11.412805870491805,35.800000000000004
1.544143,12.26030090583531,8.200000000000001
1.6900105,17.541628265444512,28.200000000000003
1.52154,5.404841830535675,12.4
1.5575863,7.923680458683105,28.200000000000003
1.5407828,14.0180822398309,10.100000000000001
1.5688609,19.087472704118845,15.5
1.6409985,6.831945650323213,8.0
1.7133203,18.831128388458076,33.6
1.5253031,8.07627442762396,10.100000000000001
1.5623034,13.382749868623062,7.6000000000000005
1.5341055,13.077754337917119,8.0
1.6199846,18.884496830894328,8.6
1.5850545,14.067059369228717,7.1000000000000005
1.5695318,9.685407104081978,8.5
1.5718457,21.226041224334622,11.0
1.7349881,13.768545782401429,27.400000000000002
1.5683714,15.32812411659695,27.700000000000003
1.5616887,29.511277576941133,13.8
1.5803025,14.042498549822682,6.0
1.5574222,59.39327748629996,29.900000000000002
1.544968,15.523056690834206,6.9
1.5895963,23.81539398682944,9.1
1.602922,22.606914207626154,29.5
1.6026131,22.74413845123487,29.0
1.4909241,22.788657790464814,47.7
1.4758399,22.296881055478796,8.6
1.535443,14.703148982452266,11.9
1.5378033,6.574713455253504,6.7
1.6586019,16.033865435448945,9.700000000000001
1.586675,12.650747901107726,16.900000000000002
1.536359,15.290928412918415,8.5
1.5259297,10.363582311442757,54.400000000000006
1.4927347,14.390318530094552,6.9
1.6457217,16.5027605548223,8.3
1.5005909,29.202193962553256,12.600000000000001
1.5791377,15.571252350895676,11.0
1.5806688,16.17650341451273,7.300000000000001
1.5560126,11.72230583287681,7.7
1.5534614,7.1700609035268545,10.0
1.6009098,11.032489690980059,7.0
1.5322188,5.809312405712484,8.1
1.4989705,9.484462678813454,8.0
1.5529095,13.186575205111824,7.6000000000000005
1.5785508,16.621255891268902,12.9
1.5701916,12.494612366173135,11.8
1.6082457,9.694103566798411,24.6
1.5744451,17.08816969207019,12.0
1.5536361,18.541369262674657,10.700000000000001
1.5568125,18.394948121603484,10.600000000000001
1.6427897,18.161841224728324,24.700000000000003
1.6315267,29.32909198777599,14.200000000000001
1.5518343,22.468609839111835,6.800000000000001
1.5282202,45.387360797932544,26.1
1.5505803,14.030773784358086,8.1
1.5426792,14.692647177424597,15.0
1.5340798,8.855300130458396,7.800000000000001
1.707672,25.58640901055112,28.400000000000002
1.5381986,13.740310039885557,13.200000000000001
1.5424423,11.12796745279909,7.0
1.6950597,11.825084017332252,27.400000000000002
1.4949526,18.377954866579955,7.7
1.6132065,31.239097506399954,34.1
1.6235483,22.061883746966085,24.6
1.4823687,61.983061912518416,53.400000000000006
1.5447377,8.510106017604421,7.800000000000001
1.5397551,12.51436367177673,7.9
1.545698,2.6408204930724786,7.1000000000000005
1.5297121,12.421512633257795,10.0
1.6134279,11.148589038092805,9.0
1.6062124,7.549738039996014,8.5
1.6866475,31.56804149951,25.6
1.603456,16.11267696357237,6.800000000000001
1.4993173,24.87317933679991,9.1
1.6016458,6.912036897794156,8.1
1.5824674,9.61819866235285,9.4
1.5508034,7.68129421001423,13.4
1.579518,5.064439669984518,7.2
1.597601,14.957924417009076,7.1000000000000005
1.6841013,12.399298495072342,27.6
1.5968425,17.111573494790818,26.400000000000002
1.5563326,21.779994712918782,8.700000000000001
1.5796753,9.93045720310265,11.5
1.5640656,13.979507957346215,7.5
1.5290319,12.468110202811218,7.0
1.5597792,6.1399806598461675,9.600000000000001
1.520781,13.861669899990213,15.700000000000001
1.4984207,7.980986122508101,7.0
1.5021816,15.445187135993937,17.3
1.5154825,21.091226164631323,13.9
1.6227838,14.617293021934232,9.1
1.6822702,28.3829298570544,27.6
1.494786,25.814240313287293,15.100000000000001
1.5483338,16.47001399859505,7.7
1.6690857,27.255199687840094,29.700000000000003
1.5671139,9.16393128406222,7.6000000000000005
1.5050852,15.132243914435456,7.2
1.5504003,10.103078619013694,6.5
1.6358315,9.95821585401309,31.6
1.6808385,10.226515215444394,26.8
1.5506692,20.81942793160592,47.900000000000006
1.5566757,23.58587247427792,10.3
1.5665191,8.325290065637379,8.0
1.4870377,21.972250897462487,44.800000000000004
1.6766016,36.40037417775211,29.200000000000003
1.6941408,27.62343846627894,14.0
1.5620054,11.412918272562639,11.3
1.5261732,13.916220958171834,11.3
1.5386511,14.43015069858443,11.9
1.6283718,7.38288902008516,7.1000000000000005
1.6184886,4.952788179031932,9.1
1.5812374,24.912506883478684,14.100000000000001
1.5743275,17.912862168028767,7.2
1.5537962,30.235199400629273,25.200000000000003
1.5665376,42.70901692480031,18.5
1.5932459,22.594469850285297,9.0
1.4863052,50.791480920900725,23.1
1.5618104,17.293951818940087,9.200000000000001
1.558744,17.086209325287083,8.9
1.5607706,17.930427581288555,10.3
1.5758362,9.218490358900976,6.4
1.5582203,10.482973541651258,11.4
1.552389,15.057697799148311,11.700000000000001
1.6581405,13.187190150417221,26.3
1.6018788,13.328038186323003,8.5
1.5579189,9.961454812514265,8.4
1.6130941,15.860911039906505,7.0
1.63891,18.157624693857876,7.9
1.6108779,20.710104555679564,7.6000000000000005
1.528718,15.288093537789944,9.1
1.5363952,6.6893878878707955,14.4
1.5366244,6.178282169724662,6.300000000000001
1.6941559,11.078799898639577,28.8
1.5294694,5.123633321522135,6.9
1.650835,13.958086646938916,32.800000000000004
1.6417135,17.68008670944839,25.5
1.5744027,16.702545609810496,30.6
1.5985833,26.89875262560955,25.700000000000003
1.4511567,12.493901102134142,7.0
1.5126437,27.45569384552771,11.5
1.495834,9.760424531633541,6.2
1.5555801,8.480243467450105,7.7
1.5349721,22.010979439985917,12.8
1.5717837,21.59257249003958,14.100000000000001
1.6265305,7.3956232661115635,7.1000000000000005
1.6724182,16.675717918604924,26.8
1.4985725,9.40841792474346,16.0
1.6913188,31.976872159944264,37.9
1.5292296,5.218123079389734,9.8
1.7323792,23.179661024725515,29.900000000000002
1.652902,32.62567909292437,38.7
1.556505,8.39651294420477,7.300000000000001
1.560896,35.87517835664103,44.1
1.5651189,20.17295691256682,9.1
1.5809271,2.239019664533749,6.7
1.4918011,27.002794573741134,9.0
1.5237302,11.579897237280035,6.1000000000000005
1.5873404,3.1646828988928752,5.9
1.6354771,8.741277730048097,26.0
1.5138725,18.235080730856954,6.0
1.5224578,25.39230029741118,11.8
1.54843,22.117309846818472,9.9
1.5402173,16.799791811641413,8.200000000000001
1.6100676,19.66826401361973,12.200000000000001
1.5530635,20.078149443623925,8.0
1.543649,19.820022273939806,8.700000000000001
1.4471358,17.02595332406043,12.0
1.5571843,17.972565375281103,8.6
1.5729218,17.429724133936627,8.9
1.3941066,42.53553046085268,45.900000000000006
1.5222178,8.720397868230556,9.0
1.5024613,11.367322003699789,7.4
1.5861716,22.13951184722837,27.200000000000003
1.556675,30.751302068748778,11.4
1.5726372,7.279142945675897,8.700000000000001
1.5699434,5.011458470197503,8.1
1.6929257,24.294059121710944,30.8
1.5676081,8.010437153208548,8.0
1.5355345,18.479506693319163,10.8
1.527826,10.719759738251257,10.4
1.6013063,22.37461856861491,8.8
1.5452362,9.002170147626003,8.1
1.6573787,17.102266562262642,27.3
1.6160383,11.08731988467548,29.1
1.6916482,15.006353957321576,29.0
1.574902,17.704408431693963,7.9
1.4984485,14.885521598140697,8.200000000000001
1.6342534,30.71902309550029,26.3
1.5442966,20.974327264201875,7.6000000000000005
1.6269954,5.030050780758031,7.1000000000000005
1.6157256,11.404152650926203,9.9
1.5588987,13.031569146574604,7.7
1.6138312,13.608813882094903,7.4
1.6050395,13.372658454197511,7.2
1.6411033,18.585116144671122,11.600000000000001
1.5699152,20.14680339514153,11.200000000000001
1.5122215,13.87080134440799,11.600000000000001
1.5970304,12.047244351491686,13.0
1.5147071,9.025229539460339,5.300000000000001
1.6134757,19.86506404400476,25.1
1.527461,11.11657683879438,13.9
1.5507404,20.284676475335303,15.8
1.573763,14.7518112534662,7.7
1.6799129,25.818221006327988,29.5
1.5602404,9.228098988805321,7.7
1.4921005,17.324590865293516,46.5
1.5617305,22.932794479686635,7.9
1.5754571,25.13038555910913,8.3
1.6543741,14.723691989802045,10.4
1.6454662,26.67530651872397,16.3
1.5936773,17.807871500250947,7.2
1.5264444,19.662287363128165,51.800000000000004
1.6573058,19.59040179854798,30.3
1.5194478,15.427268056313515,9.600000000000001
1.520652,11.993831927961882,7.7
1.5483105,16.915890355888276,17.0
1.5438032,12.270990778434786,8.1
1.4752481,44.32677869940913,54.6
1.5562892,3.3866772681503847,7.6000000000000005
1.6714321,27.142641566535012,13.4
1.6394577,12.573071913280526,28.6
1.5188336,11.13881831214829,13.0
1.5115807,10.93625194232569,6.5
1.6535263,19.247823396141378,8.4
1.5689391,3.110371848707499,10.200000000000001
1.5586318,16.95880752209616,11.9
1.5765679,9.263627521456254,9.0
1.6057845,12.61980961725856,8.700000000000001
1.6047679,19.67347060704222,9.1
1.5643672,8.934998476638938,7.9
1.5364459,14.88684842271951,14.600000000000001
1.5590253,11.367353633266314,7.6000000000000005
1.7143272,28.29002028313024,29.8
1.5966125,15.458379279198132,6.7
1.6203302,15.393952444006608,8.4
1.5657715,11.938497170476516,9.9
1.6120734,12.805669664366341,11.100000000000001
1.572113,12.326544949144383,7.7
1.5288509,4.863797099266914,8.8
1.5013489,17.904986311074925,8.700000000000001
1.5162514,9.546468702055495,8.8
1.5539058,19.898202438581777,28.1
1.7344135,23.42737501118246,25.6
1.7252825,23.039075406294586,25.3
1.705321,27.553166716099327,30.700000000000003
1.554873,17.857297359908298,6.7
1.5427837,23.050888946798352,15.3
1.6093358,15.447648840248576,8.4
1.6447173,15.572821506684665,28.8
1.5060195,19.20728053949207,12.5
1.5816035,23.621859453551146,7.9
1.6726248,18.3368014063103,7.7
1.4530157,22.491151815093133,11.700000000000001
1.659088,14.139563372300264,15.700000000000001
1.609149,26.701269904070593,28.400000000000002
1.6184837,11.567969152765041,7.300000000000001
1.5985076,26.228479833162083,28.1
1.6377379,30.06475617852119,33.0
1.5228316,30.98112077127984,6.300000000000001
1.5219122,11.360120712678615,8.700000000000001
1.5596257,18.33762083530501,9.700000000000001
1.49223,6.382376078727898,11.0
1.5416126,12.343035221213988,10.200000000000001
1.4704405,61.83721611046608,43.900000000000006
1.6172347,7.765387046098969,10.8
1.5763329,5.96921839208461,8.4
1.5470151,22.425692611251407,8.4
1.5929384,9.419285244321316,8.1
1.580461,17.387849463721878,7.0
1.5571252,15.348957019208939,7.9
1.5631083,13.887086258211635,11.3
1.5471292,14.891288430187661,16.5
1.5586805,10.421869420486416,8.0
1.6063277,24.15453173281872,28.900000000000002
1.5595161,12.510499153813223,18.7
1.5646137,8.388411698544298,8.3
1.643649,24.420468785452474,31.3
1.4415792,49.917153325941,16.900000000000002
1.5402585,25.776022078876334,7.9
1.5312145,8.377583322760891,13.0
1.6152414,17.610810336510866,9.3
1.5625435,13.47953852398499,7.6000000000000005
1.5640066,7.788465224176985,7.7
1.535986,8.346486359298684,10.200000000000001
1.5897738,5.324194223199696,8.0
1.6039662,23.627587273194653,17.1
1.5300642,9.552905911785311,7.2
1.5871571,21.651661086690993,54.0
1.559728,8.618011324699214,32.1
1.6339804,3.232195972882701,7.300000000000001
1.5669173,2.31009909102952,6.300000000000001
1.5774893,9.96215743622355,8.5
1.5534891,12.763364483745555,17.1
1.5524607,11.784811008486258,8.6
1.6030414,2.357100588499442,8.4
1.6643357,8.175063638401124,7.1000000000000005
1.6459582,7.458828438908758,6.7
1.6735482,19.498263536789974,11.700000000000001
1.6351788,20.330974174457957,31.8
1.6087945,18.482341724002502,25.200000000000003
1.496863,25.16885564702834,16.2
1.5163962,19.24529264537437,8.3
1.662701,40.59794452471325,31.0
1.553295,9.222394701904294,7.1000000000000005
1.6301438,10.394916856801112,12.3
1.7133322,18.231694338070202,25.900000000000002
1.6802775,24.362863833929392,8.700000000000001
1.5945859,12.367562744914807,15.9
1.5782888,2.3094071188253826,6.1000000000000005
1.5787522,2.7108738536806305,6.6000000000000005
1.542705,16.788217306182986,9.8
1.6183672,46.31693543783116,25.200000000000003
1.5621743,21.63925412713806,8.0
1.5639106,41.58866637469468,30.6
1.6938013,17.091483766654,27.700000000000003
1.5574154,10.1694915970998,8.6
1.5501406,14.469241049775135,11.4
1.5231676,21.70369796375045,14.600000000000001
1.5503843,13.724692013859622,6.6000000000000005
1.5455695,38.82833234926498,24.5
1.5612098,7.747898248369884,9.600000000000001
1.5243486,11.155964845266901,7.800000000000001
1.5979738,22.90258503512885,8.6
1.5200365,13.516239868101236,9.700000000000001
1.4796084,10.563890523216752,11.8
1.588322,4.262223816787876,8.5
1.5443928,18.445926865227484,7.2
1.5445143,8.09428527525106,7.800000000000001
1.57187,7.1515088333190455,6.4
1.4864519,20.695817209998953,12.600000000000001
1.5319601,19.47255935751971,11.200000000000001
1.5900695,8.970521666268043,6.1000000000000005
1.5559783,10.928808431553577,8.3
1.5790014,16.509405530132646,11.4
1.6035627,18.84648811460761,8.3
1.6874162,4.212713241066974,25.0
1.632606,7.684497052483398,8.0
1.598488,16.928090022140353,6.2
1.5973632,15.718422828486052,9.1
1.5980926,11.497130336609487,33.0
1.5427647,9.246991977165273,26.700000000000003
1.5488206,21.073591039774143,8.700000000000001
1.5021307,6.178009924932839,8.3
1.6028006,14.429146283538795,9.600000000000001
1.6008949,11.87752601634275,7.7
1.5110652,7.205070527515714,28.6
1.5971763,20.433701742455472,8.200000000000001
1.5673591,29.285545401984876,13.200000000000001
1.5953479,16.357299383132478,13.600000000000001
1.6452129,21.444638015819315,7.4
1.5263414,33.40981641208239,8.1
1.4936938,10.66574329792147,7.5
1.6329647,11.954467524852664,27.0
1.5116498,42.04160430089187,23.200000000000003
1.5499451,15.733795931541806,14.9
1.6085662,6.209479305381605,7.4
1.6438661,17.42049557343234,28.6
1.5498239,11.412956835668126,11.200000000000001
1.5762037,5.346051311711975,6.2
1.6270489,13.098606323387164,23.900000000000002
1.5248109,23.066039977434777,8.5
1.6076405,12.962766665436874,6.4
1.5963513,20.03710502887262,8.8
1.5623562,27.319804443169627,15.600000000000001
1.6312612,15.561545398958996,7.0
1.6791794,41.42854507326431,31.5
1.5500088,15.808534399045792,29.1
1.5978069,9.285350771857676,9.3
1.4991275,17.065589468010415,16.3
1.5326993,38.46438209087521,24.900000000000002
1.5398153,6.320714108420405,13.8
1.4780941,2.9447378865179283,6.5
1.6377175,20.114408272292696,32.9
1.6760403,20.054563642238953,11.0
1.5768192,37.80527018490993,22.900000000000002
1.5712204,3.180942695652342,6.7
1.566738,20.337184139615893,28.8
1.5673778,29.427055842578987,6.2
1.4841585,28.581361644910544,12.8
1.5218045,20.81547630813738,7.4
1.4881881,68.53794284404961,41.1
1.6033282,6.06203693519551,9.3
1.709177,16.88315345333035,26.400000000000002
1.4891495,27.934227393230813,49.1
1.6521227,16.953192146340786,8.6
1.4860704,5.803255745655822,9.5
1.595933,7.459442109262559,30.5
1.5268877,24.999770352327037,8.5
1.4575785,10.025264451395396,12.100000000000001
1.5438288,17.55118324191578,12.100000000000001
1.5684236,7.878025889828077,8.8
1.6635934,22.138159547948952,9.8
1.5688572,19.809086269126528,10.4
1.4797508,20.56855680965349,9.0
1.5971417,33.55450016763869,7.2
1.5654591,13.602613294056296,9.200000000000001
1.6303332,8.453824944432316,7.9
1.5574548,14.004174135142499,6.9
1.3866324,39.68070893461509,45.300000000000004
1.5668311,9.025183992119494,8.9
1.5547004,16.361809467284843,7.5
1.5740607,4.020328739754665,8.3
1.6629215,30.67476518292054,26.6
1.5556015,6.866924374630992,7.4
1.4821699,15.78198570150392,12.200000000000001
1.6202736,4.805813230304346,7.9
1.5718946,13.432742222445652,9.1
1.5784832,13.298445598536057,9.200000000000001
1.5818143,14.7611886906153,6.6000000000000005
1.6613182,18.64665291800912,26.400000000000002
1.6243086,23.17469902531807,7.800000000000001
1.6238208,20.3325496485549,26.6
1.5256402,15.060450845350775,14.8
1.5790492,10.56689782070092,7.0
1.5074058,21.185747327291203,48.300000000000004
1.6177394,12.492499506279835,8.9
1.5516979,15.107763338215022,9.700000000000001
1.6194818,12.346793985068405,8.5
1.469032,20.71482293996735,11.5
1.6980556,19.944350070443843,25.5
1.5176101,13.280195388713947,5.1000000000000005
1.7754614,13.091192779550532,26.8
1.4983925,17.98834469566819,12.100000000000001
1.5208275,24.5222992956581,10.100000000000001
1.5468922,7.133649641953734,11.3
1.5180526,11.792789711356114,6.300000000000001
1.4777639,20.44166941390782,14.700000000000001
1.6021537,10.901939758987945,7.800000000000001
1.8433088,61.73320340525463,31.400000000000002
1.5728216,8.214790381015995,6.7
1.5571607,22.876685583364594,14.100000000000001
1.5493996,6.971057652876674,7.2
1.6160667,10.002829024863319,7.800000000000001
1.6123103,15.327315027570053,8.200000000000001
1.5260983,14.513159692959062,8.3
1.6129633,12.295685887285407,11.200000000000001
1.5791153,31.491808487288484,28.3
1.6604449,26.10337378707152,16.6
1.6134611,13.336919675225126,7.9
1.5584098,11.14878920098723,31.0
1.6354804,7.115931815799004,32.5
1.6046946,11.231583176239777,27.0
1.5425596,14.482570250840734,12.0
1.5724336,9.491233203136696,8.4
1.5287218,22.044106685087655,10.3
1.6294845,5.21942440685979,8.9
1.4882846,28.499106579111775,16.3
1.5666761,17.425763806799182,7.6000000000000005
1.7437909,35.8404191889808,29.5
1.5491436,7.11271303311984,7.2
1.629164,25.68035302322086,16.2
1.6693194,36.89832826361689,36.2
1.6043031,13.639276542054763,6.9
1.6516966,27.831644802022634,30.0
1.5984437,39.41514518212604,38.0
1.5156448,22.876995960872158,11.3
1.5926381,27.08084962558323,9.4
1.6256006,15.091653323889366,11.100000000000001
1.5735972,18.14815952605364,9.200000000000001
1.5893903,11.296930002187693,9.200000000000001
1.6390213,17.773855349915657,17.7
1.5892515,9.650688969138383,9.3
1.6201444,18.176369664962547,18.5
1.5533472,23.103628141734163,7.800000000000001
1.4704324,7.726510861608823,6.2
1.5414718,2.6085141145762005,6.7
1.5534581,17.4031737671341,7.1000000000000005
1.5146894,17.363258834137326,11.600000000000001
1.5909511,24.80713331364087,16.2
1.5425879,15.30097210632126,7.0
1.5742548,41.099602852289166,27.6
1.4900806,34.259393461423855,18.3
1.5682352,25.157266577196538,9.3
1.5716162,69.65794512196926,34.1
1.5308466,28.677273292815244,13.5
1.5869353,15.793769844280689,7.0
1.5639222,35.86727599913908,12.8
1.6046369,19.873368208945433,11.200000000000001
1.5452204,18.053224374621994,9.600000000000001
1.5568082,15.791971027000018,6.7
1.604809,20.19909772165601,8.200000000000001
1.5428128,12.597449249072667,7.0
1.5953072,10.479238910167698,8.0
1.5101019,14.30107510067783,6.4
1.6775951,27.96453303386346,34.0
1.446047,57.95465638159865,56.300000000000004
1.6981244,24.88983589945087,28.0
1.4625728,43.77623812228896,46.5
1.5974617,2.1345964362986587,7.4
1.6163497,15.004799085932213,14.0
1.5889622,9.390321095439994,6.800000000000001
1.5775266,29.027103873409413,25.900000000000002
1.6011347,23.87980474280311,9.0
1.7042271,21.786418601812755,24.900000000000002
1.5297613,13.200483707456725,8.0
1.5671663,18.926127889025153,9.3
1.5989375,9.244786079148891,6.4
1.6942222,16.005637375584186,24.900000000000002
1.5444015,20.424331826109498,16.0
1.6362892,10.353030220454983,8.6
1.6804581,23.406040818898983,30.200000000000003
1.5804143,4.982449531125765,6.1000000000000005
1.6190852,16.27013013208596,24.400000000000002
1.5330735,11.315491413203151,6.4
1.5447903,11.784119826830343,9.5
1.5318046,38.394812086179584,17.1
1.5783539,59.58961381124873,25.400000000000002
1.6475954,13.510877972717829,7.2
1.5700725,58.69081901875157,25.1
1.5811423,59.88934122087717,25.5
1.5408558,16.58284062115247,7.1000000000000005
1.543018,6.867903367184504,8.200000000000001
1.5127989,18.888809210678147,7.0
1.5977274,18.357104375571694,25.8
1.6162637,6.8382089856306045,7.9
1.473052,61.359640470491414,25.0
1.6727154,18.43876948582735,29.6
1.5637442,14.208890627448746,7.9
1.534461,4.682763487628346,11.3
1.5711765,7.442327205193299,8.0
1.5670985,15.100072672871999,14.3
1.5355601,7.903506178320276,7.1000000000000005
1.6084833,23.76338336705131,28.8
1.5359377,46.40165628839132,18.5
1.5525004,24.30577765717297,8.8
1.5279175,49.09153276868288,19.900000000000002
1.6608443,11.937766739455425,10.8
1.5152891,15.35555145796906,7.2
1.5485018,15.84305487726191,14.600000000000001
1.5400721,7.431101412288985,6.5
1.5013059,17.437969434494285,17.1
1.6372536,12.143547989706718,8.4
1.6031804,4.989375723653277,6.5
1.572609,46.51642263089708,35.6
1.5849646,34.058612729260226,24.700000000000003
1.4923971,18.741030553416447,10.700000000000001
1.5413215,12.82833104380952,11.8
1.5998907,9.628988306254369,11.4
1.6180339,25.17193518420626,24.5
1.6297946,4.806597279928707,9.3
1.6150141,11.82966198881673,7.0
1.5385783,13.590377593302918,6.9
1.5547675,66.07312229135013,24.0
1.5224406,28.237267125766195,15.700000000000001
1.5239247,8.843070844694783,7.1000000000000005
1.5049556,29.591575435348062,16.5
1.6268187,17.86573867395518,26.900000000000002
1.6254585,17.724499073237105,26.700000000000003
1.5235993,16.72010662297957,6.2
1.6137947,19.384123485347097,7.800000000000001
1.5965892,16.307937112476488,9.3
1.5767515,8.789638269774034,8.0
1.593615,5.617631902643193,7.5
1.5699431,15.423316754981412,8.6
1.5309469,3.36983889004497,9.8
1.5415123,21.38045038276357,25.1
1.6044822,21.545921958176336,10.3
1.5550307,6.364998571872201,8.4
1.797063,21.374034041275458,28.3
1.5206138,8.523966853845847,9.4
1.599124,13.73259532378762,6.800000000000001
1.5667948,14.744412772082123,26.400000000000002
1.4541067,19.688436495109666,12.200000000000001
1.4662116,22.453954887170607,12.0
1.4950942,4.832123632130594,12.0
1.5809023,8.77576854180113,6.4
1.6697059,18.92991008476422,25.200000000000003
1.6534536,18.851184284382988,24.700000000000003
1.5600905,18.479285756697834,8.0
1.555405,20.380869178507417,11.100000000000001
1.5827905,9.434702308184452,7.4
1.5623184,12.003265449781752,11.3
1.4961879,22.500379401133117,12.700000000000001
1.5061189,18.574227986414623,9.600000000000001
1.5233597,15.844453252300767,10.3
1.6220361,16.675234229168247,8.200000000000001
1.4965572,21.747864311518214,12.200000000000001
1.5320051,8.925779493372007,8.6
1.5967735,16.96177161149108,12.3
1.5643841,11.815477840730685,9.8
1.5905564,11.22360273636489,12.100000000000001
1.6138065,17.965874274691537,8.9
1.5160785,19.75818947247612,7.2
1.7170088,23.24428123183278,10.8
1.4684697,7.545894238554299,12.0
1.5693558,10.936586877422167,6.6000000000000005
1.5556865,3.3386784501032567,7.1000000000000005
1.6848218,16.216692421963096,8.3
1.6939577,16.728072450843847,26.400000000000002
1.5420092,8.301488705941267,5.800000000000001
1.525395,7.256054849254289,7.5
1.6636024,19.61102594047006,26.700000000000003
1.5504183,53.428287938642384,27.5
1.540031,16.11472071123929,12.600000000000001
1.5002567,8.153999789982114,8.700000000000001
1.4876603,23.556567468247636,16.0
1.632639,10.119936821878342,7.800000000000001
1.6469414,47.451695932824414,27.6
1.5737907,8.00821720205322,8.200000000000001
1.5563068,8.014253620189299,14.200000000000001
1.5271714,8.328667756834498,8.0
1.7097782,16.77654702561417,31.1
1.5532393,12.216905307903476,9.3
1.5790613,6.7325490233495024,7.7
1.601955,19.768475996880735,6.2
1.5833019,13.19714689620956,8.9
1.5780559,10.950377181940638,11.200000000000001
1.5906247,21.543249936596744,6.800000000000001
1.5127947,15.117454447795021,14.200000000000001
1.5858104,11.446758913663004,8.9
1.7038759,23.401260581524966,33.2
1.4990776,17.51962118012515,29.900000000000002
1.6146026,12.168447865237908,7.1000000000000005
1.5718111,25.534626595180995,8.4
1.6146498,15.874239778945475,7.6000000000000005
1.4668549,25.626608690510565,15.100000000000001
1.5942781,12.376281399030796,7.1000000000000005
1.4424602,28.111271808121938,16.5
1.5450017,18.354061214942508,7.9
1.5259571,40.505079029429666,16.7
1.5582529,19.514005457404032,8.4
1.6246189,83.42823921964155,32.2
1.6055572,12.017609589354418,29.0
1.6116613,12.0727350509362,28.200000000000003
1.5486909,27.093395258233954,50.400000000000006
1.4930737,20.685773005468295,11.600000000000001
1.5287398,25.797668681630928,16.6
1.5916268,21.062512080664614,6.800000000000001
1.5677474,15.832414186578035,8.5
1.525318,3.653874120603218,9.1
1.4694071,11.830871023851858,13.9
1.6541098,22.13636262597089,31.900000000000002
1.5782778,26.704187375309175,8.1
1.4489131,10.880811918417113,3.5
1.5677513,20.642145765430826,6.9
1.526392,16.399733771428846,8.4
1.5793275,18.599449816590457,8.200000000000001
1.5427432,24.535092166405285,9.1
1.581898,15.224657210610665,8.3
1.6338137,15.428218178726897,9.1
1.5421941,19.76070711167263,8.700000000000001
1.5788265,7.291990415851553,8.700000000000001
1.5737199,12.18850166188,7.7
1.569585,23.792814589290625,16.900000000000002
1.6130769,18.448843463766764,7.0
1.6367539,17.18842244876187,29.6
1.5828834,8.22547611551321,6.9
1.5244222,9.188419427173772,7.6000000000000005
1.5548191,9.665570767450285,7.300000000000001
1.5624348,17.527903790442153,12.5
1.6517301,22.716938058331063,30.0
1.6026663,20.092885180096605,9.3
1.6045036,29.148386490353197,32.0
1.5527881,11.179174534059332,47.900000000000006
1.5581449,25.795572561347488,13.4
1.5183395,7.708963601679766,9.9
1.5031945,30.922881590302637,7.7
1.5569113,10.985679444650293,7.6000000000000005
1.5678997,22.0233226260148,6.800000000000001
1.5420157,20.760218363693355,6.2
1.5650355,24.695362604589675,11.9
1.6534685,20.00797937367996,27.3
1.5773265,15.48688289234574,8.1
1.6185894,9.415953115717338,6.9
1.5420398,27.499982005305,6.1000000000000005
1.5466541,26.90114071350887,13.600000000000001
1.5080963,18.142802529444005,6.800000000000001
1.55619,29.174067881955818,16.7
1.5534852,12.18543714637319,8.8
1.5928972,13.307797366049936,8.700000000000001
1.523566,19.28490551636625,43.900000000000006
1.6777791,17.949239211127676,27.8
1.5367308,7.054256741197992,15.100000000000001
1.6191689,4.733209865180879,7.300000000000001
1.5613341,19.36519190885791,8.8
1.6057019,15.725885215728033,9.600000000000001
1.5743783,7.872551358227014,10.100000000000001
1.6303579,4.074049471905202,8.1
1.5261965,20.60274127948886,7.7
1.5157397,4.3170273512807125,8.200000000000001
1.5937713,10.203669580169436,6.9
1.5801351,10.952172483731182,10.4
1.5155324,21.10217400633312,15.9
1.6398858,12.71852395735035,36.9
1.5593976,13.485319039759544,8.0
1.7252632,21.13318427966811,29.900000000000002
1.53325,23.74138024783218,55.7
1.6804209,28.43716206772314,29.5
1.6047343,4.807183638185805,8.4
1.5910796,11.181294837099456,10.3
1.5113262,11.844813274861245,8.700000000000001
1.4429904,47.13017378570416,43.2
1.6016159,11.031836791695167,6.6000000000000005
1.602206,14.824726382134887,8.9
1.4782895,21.51240182711293,11.0
1.5726148,15.126970707626585,14.8
1.4810878,4.247143233501212,5.800000000000001
1.5975492,15.920360775065689,53.2
1.5003346,16.24834088046186,15.200000000000001
1.7171329,30.56287373390564,35.7
1.4739969,60.87587858257719,57.1
1.5546782,9.663645724963459,8.200000000000001
1.6918132,25.83684765730908,28.200000000000003
1.3969526,48.64911079553393,49.2
1.5945914,20.12922104855125,25.1
1.6304948,11.882581564549731,10.0
1.5470761,11.69997773185698,7.2
1.5501142,14.846663958594437,7.800000000000001
1.5405802,15.06172570690971,7.4
1.496299,10.704037236227629,12.100000000000001
1.5545715,26.920626552770422,10.3
1.5202484,24.674147239851674,7.6000000000000005
1.4421822,20.97685583374391,11.4
1.5230424,20.774245777171462,7.1000000000000005
1.6030949,8.983196391027416,7.6000000000000005
1.5415102,12.68737041978532,7.6000000000000005
1.5990689,13.027686572368212,10.600000000000001
1.6191063,14.198111932030674,8.700000000000001
1.5164288,10.470082979476143,10.4
1.5227473,19.65766566084381,7.6000000000000005
1.6022336,9.71327076228257,9.1
1.5968275,16.12232318113237,16.3
1.5494766,13.549782563410117,7.9
1.4511223,57.89319116628548,51.6
1.5773522,19.850994754017137,17.5
1.6004694,13.213195383862274,8.4
1.7023927,31.760272108436407,31.200000000000003
1.61753,9.450897759860439,8.5
1.530649,14.027616697496615,8.9
1.573897,7.4004481754556775,8.3
1.5549434,18.567023847134685,12.8
1.5790025,10.93670443886111,10.4
1.5856841,5.790830386508542,6.6000000000000005
1.6116793,12.253074195445215,12.5
1.5514618,21.756049704879544,13.4
1.5726275,12.462639538200001,7.1000000000000005
1.6749386,17.843847636458513,27.400000000000002
1.5641495,21.00268459490284,7.0
1.5964553,26.70600485497518,17.1
1.5434508,24.52072142517423,56.2
1.6056254,16.301394392713938,6.9
1.4747827,20.176694314903116,51.2
1.4745346,19.897870458512813,7.800000000000001
1.5403082,22.084264817182074,6.5
1.4993689,16.433976180742945,5.7
1.6826824,7.040981708731353,8.8
1.5142806,9.999094300658626,5.9
1.6286707,7.099022499258861,8.200000000000001
1.6217804,19.55768485097414,28.900000000000002
1.5417544,11.854083897291595,10.9
1.4908453,9.402692012322428,32.6
1.5132722,15.388675109017194,55.0
1.6090657,8.77841098120641,26.0
1.6129553,12.9640612517017,45.900000000000006
1.5188,20.56081240220736,14.200000000000001
1.435885,24.326244601711778,46.6
1.4920697,12.53757752022036,5.800000000000001
1.4240683,23.47792763155566,45.900000000000006
1.6132615,4.554402437077413,9.8
1.5939045,21.47200383599459,16.5
1.602395,9.400756519943375,8.200000000000001
1.6053257,41.81449815931442,28.900000000000002
1.5749967,10.510247963127487,14.8
1.5339111,5.337377676427436,7.5
1.6615095,17.628520519035852,31.5
1.5598714,18.567017843755625,12.3
1.5796714,5.553867209199696,15.100000000000001
1.5800723,4.8495798198752595,7.9
1.598662,1.3908244161674808,32.0
1.5840088,17.011533359698973,6.0
1.5830815,3.8022353988078468,7.4
1.537061,10.468963418804794,8.6
1.5563239,23.038571527854355,17.3
1.6250625,11.903109431465927,8.6
1.6393788,15.547677719467647,31.6
1.6693722,18.8935444472839,27.3
1.613938,30.43749959963822,12.4
1.6082121,5.641164829969223,15.9
1.5868357,1.0641211813902813,7.1000000000000005
1.6198441,19.271731539440456,28.400000000000002
1.581573,5.271290173318738,11.200000000000001
1.5399554,5.863868272640233,9.5
1.5341952,33.90027031191986,13.5
1.5562762,24.75131913616164,11.8
1.5414879,6.14613553400636,8.1
1.5769191,6.233722019519544,24.5
1.6214571,7.046891920660454,9.4
1.6870229,12.49213758338647,10.600000000000001
1.5517517,13.772040042840297,7.800000000000001
1.6359174,21.194860291394193,33.6
1.633382,21.10889889772951,25.6
1.5405923,34.76526885997178,48.400000000000006
1.582749,16.259815201287335,7.4
1.5088714,8.111912248909203,8.8
1.5819026,13.493687449630938,7.4
1.5402657,8.056155889537244,10.700000000000001
1.6372631,16.62074526340087,7.800000000000001
1.6689903,13.90502089425998,19.200000000000003
1.7300575,11.213072343311126,9.3
1.5735903,19.336755003265793,33.7
1.5566158,21.74688101810912,9.0
1.6448765,21.91971507986082,27.700000000000003
1.637089,21.9585335697205,27.5
1.7067761,18.607204064208776,31.200000000000003
1.6010098,23.119110608531596,15.600000000000001
1.5571628,16.816062962063327,6.9
1.5402907,15.376889539734789,7.800000000000001
1.6607679,6.1663013724938285,11.5
1.5401659,28.255113637520573,7.7
1.552646,16.354040726482623,8.1
1.5577965,33.329437312588546,12.8
1.56042,18.529041425563566,9.0
1.5679811,11.818807234904984,7.800000000000001
1.5565618,11.420246663197537,7.4
1.5510936,15.170633057032951,7.5
1.557373,25.746620539793383,14.5
1.5071778,18.360990599112952,8.700000000000001
1.582036,42.44196507256022,26.0
1.6777635,17.364724612464336,25.6
1.5352595,22.598132311176688,11.5
1.5647056,32.07365582544341,24.3
1.6280956,3.929528211235843,8.5
1.5579282,17.034780072719705,11.8
1.5201988,9.025750170010614,14.8
1.5269408,8.560069872671004,6.9
1.7718829,23.08851767240958,31.700000000000003
1.5233486,15.57607293849657,8.200000000000001
1.5292443,24.554849812726093,13.4
1.5140986,12.278885539787714,8.3
1.5593889,10.288457810608637,7.6000000000000005
1.541577,12.783324896051424,7.1000000000000005
1.5818633,16.43931168085208,8.6
1.490423,33.142800411934246,15.5
1.4679463,84.0823561416786,39.800000000000004
1.5149622,20.67325630069953,7.4
1.6553776,56.08398299180446,26.900000000000002
1.4824206,121.15712291575889,49.6
1.5255535,24.838067987870257,5.7
1.611842,41.8873124155605,29.8
1.5530037,21.06053047110065,11.9
1.6270045,5.304419048315459,9.700000000000001
1.5552708,8.716084846710562,7.2
1.5398046,6.919771367243678,5.800000000000001
1.6526423,13.390412295747547,10.5
1.546886,23.43509804712962,13.200000000000001
1.5496188,11.582185651386837,9.200000000000001
1.5682124,14.12108552239446,8.9
1.5412875,11.991573017589868,11.200000000000001
1.6458929,14.271729928877162,25.8
1.5048059,10.000678746477945,10.100000000000001
1.5660126,23.840432356500664,14.700000000000001
1.6002296,14.539228865151307,6.6000000000000005
1.457834,24.166297186179577,11.5
1.6593853,17.7214974922781,7.6000000000000005
1.6017461,14.954975725332432,6.1000000000000005
1.5713376,18.938495373916833,11.9
1.6032073,13.126360140277498,17.2
1.5825636,8.909260599801659,8.6
1.5957806,21.806504831851697,29.700000000000003
1.667604,21.10874752580323,11.700000000000001
1.5932243,11.832020721666355,9.200000000000001
1.5347967,1.8095727442504717,7.7
1.5682914,17.527536156489028,6.800000000000001
1.7882313,28.151063696562098,28.700000000000003
1.7791048,27.98593305316757,27.900000000000002
1.3663645,35.634115567055545,45.2
1.552251,25.808046351190384,6.7
1.4594663,13.923808126324722,9.8
1.5606366,17.80482629985083,8.3
1.4497072,13.92250003483656,11.0
1.5438441,11.14539544206572,8.0
1.6138866,32.9358677945006,23.5
1.7078122,15.205514756808274,15.8
1.6046451,8.424323058451636,6.9
1.690378,15.479251474481687,16.400000000000002
1.6278669,11.880315667884748,8.200000000000001
1.6082921,17.9972218678185,14.200000000000001
1.5791346,12.349683998637847,7.800000000000001
1.3871292,51.85130229218022,43.800000000000004
1.5502701,28.54012747979275,15.4
1.5192013,28.554504373990596,7.0
1.6641437,37.567951970171045,30.700000000000003
1.5181286,8.80850623835873,8.1
1.5684252,15.239177525022303,28.700000000000003
1.5998583,5.847717560085719,9.1
1.8938265,12.598434294654663,26.200000000000003
1.9040848,12.401188489601413,26.400000000000002
1.8885247,12.704530159564579,26.1
1.8990133,12.497297914173888,26.3
1.9090203,12.309716165588608,26.5
1.5942569,9.664498213785663,7.5
1.6193113,9.37009026839286,7.0
1.5990901,24.615475283617634,26.5
1.5254253,13.098873211542461,7.2
1.6546026,32.25968477309287,26.3
1.5333251,23.388429261192485,11.100000000000001
1.510063,9.981009077168064,10.700000000000001
1.5187963,18.829869937554207,11.700000000000001
1.6099534,1.7499762653549413,7.6000000000000005
1.552303,9.93110786148375,7.5
1.5683662,23.067775160008537,8.8
1.581102,30.034916176684582,14.8
1.5598458,15.324028040621894,7.800000000000001
1.6132259,32.993555812450346,30.700000000000003
1.5712117,5.9773527420746495,7.1000000000000005
1.496575,14.065392056199967,9.3
1.5906801,24.264809648886683,25.400000000000002
1.5134058,7.440848076027894,9.0
1.5058365,14.019496088173947,7.9
1.5921706,11.576412339104623,10.100000000000001
1.5450656,19.374662349542838,8.9
1.5465057,19.734154211328296,9.3
1.5428476,19.096984176998674,8.6
1.5460359,19.55661887728307,9.1
1.5421574,20.47459547391825,10.200000000000001
1.5260743,13.85112409996215,9.3
1.5795107,26.178531409420565,17.0
1.5496434,13.445153729762449,7.4
1.5774264,15.098391083962483,8.200000000000001
1.6043364,11.577410168960736,8.5
1.5405394,12.211656205690282,17.0
1.5507643,8.64803460103642,8.3
1.5109239,4.696431269224648,7.7
1.5530523,15.327265186981023,7.2
1.5718668,34.11127271601745,16.3
1.5036255,22.273494335871053,8.0
1.5846746,55.41032137300639,29.900000000000002
1.5709329,8.167832691837726,8.5
1.6776514,12.856004287524652,28.6
1.5715529,8.197708913817774,8.4
1.6825886,12.719900796371984,28.400000000000002
1.5775149,10.630746017608773,45.5
1.5700858,6.787028684592935,7.300000000000001
1.5819299,2.788253130977101,13.9
1.6264509,2.2061079417934604,8.200000000000001
1.6691709,9.758193814491136,29.400000000000002
1.5942367,14.415309724906018,8.6
1.5400332,14.945579033168704,8.1
